,Chi2,P-value,dfreedom
throw up,46.11570247933884,5.359146288891253e-10,3.0
headache intensity,40.78311688311689,7.269779326311919e-09,3.0
unilateral,28.276791817205353,3.177195757981253e-06,3.0
Headache frequency (day/month),64.9687707598849,0.005624576804971326,39.0
daily exercise concert ,6.693520536618848,0.08233513036497729,3.0
