,Chi2,P-value,dfreedom
throw up,52.818728956228966,2.003980117879175e-11,3.0
headache intensity,46.62400000000001,4.178341958950273e-10,3.0
unilateral,28.846453373015876,2.4121217077267626e-06,3.0
Headache frequency (day/month),60.65654623154623,0.014713687335400578,39.0
daily exercise concert ,8.76461016272337,0.03258989627294998,3.0
